vehicle_id,anomaly_days_7d,mean_anomaly_score_7d,consecutive_days_anomaly,risk_score,risk_level
733655,0,0.0131395513905896,0,0.00394186541717688,OK
795852,0,0.074486446240221,0,0.022345933872066296,OK
795860,0,0.0632721523310004,0,0.01898164569930012,OK
821509,0,0.1057206410952628,0,0.03171619232857884,OK
821540,0,0.0818733266933914,0,0.024561998008017418,OK
821937,0,0.1024903379286745,0,0.03074710137860235,OK
822292,1,-0.0032848878476473,1,0.7009854663542943,OK
822389,1,-0.0386807520005928,1,0.7116042256001778,OK
822588,0,0.1418249724116205,0,0.04254749172348615,OK
